"","att","btt","ctt"
"att",70,13.3333333333333,16.6666666666667
"btt",16.6666666666667,80,3.33333333333333
"ctt",13.7931034482759,6.89655172413793,79.3103448275862
