"","att","btt","ctt"
"att",53.3333333333333,30,16.6666666666667
"btt",30,43.3333333333333,26.6666666666667
"ctt",17.2413793103448,31.0344827586207,51.7241379310345
